frAuthID,toAuthID,a2aCitID,frAuthName,toAuthName,selfCit,numCit,sameConfPerc,yFirst,yMean,yStdDev,yLast,yearSpanAvg
59,2195,592195,Aditi Majumder,Herman Towles,0,12,1,2006,2007.83333333333,1.46680440124618,2010,7.83333333333333
73,2500,732500,Aidan Slingsby,Jason Dykes,0,22,0.863636363636364,2010,2013.27272727273,1.9804236723686,2016,3.22727272727273
73,2716,732716,Aidan Slingsby,Jo Wood,0,17,0.882352941176471,2010,2013.23529411765,2.19457888228886,2016,3
116,859,1160859,Alex Endert,Chris North 0001,0,14,0.857142857142857,2012,2015.71428571429,2.05421036405238,2019,3.78571428571429
116,1514,1161514,Alex Endert,Eli T. Brown,0,21,0.666666666666667,2014,2016.90476190476,1.70014005025356,2021,3.28571428571429
116,2037,1162037,Alex Endert,Haesun Park,0,12,0.833333333333333,2015,2016.83333333333,1.33711584684304,2019,3
116,2390,1162390,Alex Endert,Jaegul Choo,0,13,0.846153846153846,2015,2017,1.4142135623731,2019,3
116,2548,1162548,Alex Endert,Jeffrey Heer,0,15,0.4,2015,2017.93333333333,2.37446735881865,2021,7.46666666666667
116,4687,1164687,Alex Endert,Remco Chang,0,18,0.777777777777778,2014,2016.38888888889,1.68519117047466,2021,4.33333333333333
131,2106,1312106,Alexander Lex,Hanspeter Pfister,0,12,0.416666666666667,2010,2017.58333333333,4.07784108061948,2021,4
131,3547,1313547,Alexander Lex,Marc Streit,0,12,0.833333333333333,2011,2014.66666666667,3.02514712890384,2020,2.41666666666667
131,4047,1314047,Alexander Lex,Miriah D. Meyer,0,12,0.666666666666667,2010,2018.16666666667,4.04145188432738,2021,4.33333333333333
153,2485,1532485,Alexandru C. Telea,Jarke J. van Wijk,0,14,0.714285714285714,1999,2005.64285714286,6.64028663488306,2018,5.64285714285714
164,2106,1642106,Ali K. Al-Awami,Hanspeter Pfister,0,18,0.666666666666667,2013,2015.38888888889,1.68519117047466,2018,2.66666666666667
164,2748,1642748,Ali K. Al-Awami,Johanna Beyer,0,17,0.588235294117647,2013,2015.41176470588,1.7698454568624,2018,2.94117647058824
164,3663,1643663,Ali K. Al-Awami,Markus Hadwiger,0,17,0.588235294117647,2013,2015.76470588235,1.85504082720253,2018,3.88235294117647
170,5643,1705643,Alireza Entezari,Torsten Möller,0,14,0.928571428571429,2004,2007.71428571429,4.41027770673792,2020,6.85714285714286
218,2524,2182524,Anastasia Bezerianos,Jean-Daniel Fekete,0,17,1,2008,2014.94117647059,3.52616272021184,2019,5.05882352941176
338,3470,3383470,Anna Vilanova,M. Eduard Gröller,0,20,0.65,2002,2009.75,4.24108973086672,2016,3.5
388,3388,3883388,Arie E. Kaufman,Lisa M. Sobierajski,0,13,1,1993,1997.23076923077,3.96135175064115,2006,4
388,4712,3884712,Arie E. Kaufman,Ricardo S. Avila,0,13,1,1993,1997.23076923077,3.96135175064115,2006,4
403,3470,4033470,Arnold Köchl,M. Eduard Gröller,0,13,0.230769230769231,2004,2010.53846153846,3.75533808099405,2013,6.92307692307692
405,2548,4052548,Arpit Narechania,Jeffrey Heer,0,12,0.666666666666667,2020,2020.33333333333,0.492365963917331,2021,8.58333333333333
421,2548,4212548,Arvind Satyanarayan,Jeffrey Heer,0,25,0.72,2015,2018.64,2.32522400354604,2021,5.68
433,545,4330545,Attila Gyulassy,Bernd Hamann,0,17,0.294117647058824,2007,2013.94117647059,4.61614812689235,2021,7.58823529411765
433,4394,4334394,Attila Gyulassy,Peer-Timo Bremer,0,29,0.482758620689655,2007,2015.31034482759,4.56777101217918,2021,5.68965517241379
433,5708,4335708,Attila Gyulassy,Valerio Pascucci,0,40,0.5,2007,2015.575,4.60149083979507,2021,6.125
433,5737,4335737,Attila Gyulassy,Vijay Natarajan,0,14,0.357142857142857,2007,2013.78571428571,4.96415724396973,2021,7.78571428571429
470,5151,4705151,Baining Guo,Shixia Liu,0,14,0.5,2014,2015.14285714286,1.02710518202619,2016,2.57142857142857
509,2548,5092548,Benjamin Bach,Jeffrey Heer,0,16,0.6875,2016,2019.3125,1.53704261489394,2021,7.6875
554,338,5540338,Bernhard Preim,Anna Vilanova,0,16,0.3125,2011,2014.4375,1.82460041287583,2018,4.5
554,3470,5543470,Bernhard Preim,M. Eduard Gröller,0,16,0.125,2011,2014.1875,1.72119144780585,2018,6.0625
554,4893,5544893,Bernhard Preim,Roy van Pelt,0,12,0.333333333333333,2011,2014.41666666667,2.06522432562458,2018,3.66666666666667
609,2548,6092548,Bongshin Lee,Jeffrey Heer,0,30,0.966666666666667,2008,2016.63333333333,3.2745974570544,2020,5.33333333333333
698,2830,6982830,Bum Chul Kwon,John T. Stasko,0,12,0.583333333333333,2011,2012.66666666667,1.96946385566932,2016,5.16666666666667
714,2500,7142500,Cagatay Turkay,Jason Dykes,0,13,0.769230769230769,2014,2015.92307692308,1.93483584409369,2020,4.38461538461539
716,5334,7165334,Caitlyn M. McColeman,Steven Franconeri,0,13,0.461538461538462,2020,2020.53846153846,0.518874521662771,2021,2
736,2548,7362548,Carlos Scheidegger,Jeffrey Heer,0,18,0.888888888888889,2013,2017.77777777778,2.28950432743847,2021,4.72222222222222
783,2070,7832070,Chaoli Wang 0001,Han-Wei Shen,0,21,0.666666666666667,2006,2015.47619047619,4.95599684845589,2021,8.57142857142857
783,3242,7833242,Chaoli Wang 0001,Kwan-Liu Ma,0,12,0.416666666666667,2006,2014,5.2742944379492,2019,11.3333333333333
800,2524,8002524,Charles Perin,Jean-Daniel Fekete,0,25,1,2013,2016.92,1.44106442141449,2019,5.44
800,4502,8004502,Charles Perin,Pierre Dragicevic,0,17,1,2015,2017.58823529412,1.1213175023946,2019,3.88235294117647
800,5125,8005125,Charles Perin,Sheelagh Carpendale,0,12,1,2014,2017.58333333333,1.62135371797393,2019,4.66666666666667
836,278,8360278,Chi-Wing Fu,Andrew J. Hanson,0,12,1,2007,2008.41666666667,0.90033663737852,2010,6.75
859,116,8590116,Chris North 0001,Alex Endert,0,18,1,2010,2016.11111111111,3.25194763160368,2020,4.16666666666667
859,2830,8592830,Chris North 0001,John T. Stasko,0,14,0.642857142857143,2010,2014,2.93519754282137,2020,6.35714285714286
859,3315,8593315,Chris North 0001,Leanna House,0,18,1,2012,2016.77777777778,2.88108548897308,2020,3.77777777777778
859,5017,8595017,Chris North 0001,Scotland Leman,0,17,1,2012,2016.58823529412,2.85172806227671,2020,3.88235294117647
907,1886,9071886,Christoph Garth,Gerik Scheuermann,0,14,0.785714285714286,2005,2009.5,4.09032629881397,2020,6.85714285714286
907,5708,9075708,Christoph Garth,Valerio Pascucci,0,12,0.666666666666667,2007,2015.33333333333,4.41759567130713,2020,6.5
907,5931,9075931,Christoph Garth,Xavier Tricoche,0,13,0.769230769230769,2005,2010.38461538462,3.9483849343426,2020,5.38461538461539
925,153,9250153,Christophe Hurter,Alexandru C. Telea,0,15,0.733333333333333,2011,2017.53333333333,2.03071650503203,2019,7.46666666666667
935,5125,9355125,Christopher Collins 0001,Sheelagh Carpendale,0,12,0.666666666666667,2007,2014,4.19956707725494,2021,4.08333333333333
998,2274,9982274,Cláudio T. Silva,Huy T. Vo,0,12,0.583333333333333,2007,2013.16666666667,4.01889476740996,2019,3.66666666666667
998,2945,9982945,Cláudio T. Silva,Juliana Freire,0,19,0.526315789473684,2007,2014.31578947368,3.65228439289025,2020,3.57894736842105
998,4223,9984223,Cláudio T. Silva,Nivan Ferreira,0,12,0.5,2014,2015.75,1.54478595163331,2020,2.33333333333333
1085,2485,10852485,Daniel A. Keim,Jarke J. van Wijk,0,12,0.583333333333333,2005,2012.33333333333,5.91351815501542,2020,7.58333333333333
1085,3777,10853777,Daniel A. Keim,Matthew O. Ward,0,16,0.3125,1993,2007.25,9.82174458366062,2020,11
1085,3934,10853934,Daniel A. Keim,Michael Sedlmair,0,12,0.416666666666667,2016,2017.25,1.05528970602217,2019,3.25
1085,5609,10855609,Daniel A. Keim,Tobias Schreck,0,13,0.846153846153846,2007,2015.84615384615,3.23641143465397,2019,3.92307692307692
1135,5502,11355502,Daniel Weiskopf,Thomas Ertl,0,16,0.75,2002,2009.8125,4.9019553921539,2016,4.4375
1198,505,11980505,David Gotz,Ben Shneiderman,0,18,0.666666666666667,2010,2015.55555555556,3.34703068092974,2021,9
1201,5708,12015708,David Günther,Valerio Pascucci,0,12,0.5,2011,2013.25,1.35680105059994,2014,4.91666666666667
1255,5502,12555502,David S. Ebert,Thomas Ertl,0,12,1,2004,2009.75,7.05980942312957,2020,4.58333333333333
1303,2177,13032177,Denis Gracanin,Helwig Hauser,0,12,0.583333333333333,2008,2011.75,3.51942660619079,2019,4.41666666666667
1339,1842,13391842,Di Weng,Gennady L. Andrienko,0,14,0.5,2016,2019.14285714286,1.56190922897601,2021,7.71428571428571
1339,2250,13392250,Di Weng,Huamin Qu,0,19,0.421052631578947,2016,2019.26315789474,1.82093093600065,2021,4.57894736842105
1339,4133,13394133,Di Weng,Natalia V. Andrienko,0,14,0.5,2016,2019.14285714286,1.56190922897601,2021,7.71428571428571
1339,5797,13395797,Di Weng,Wei Chen 0001,0,14,0.5,2018,2019.57142857143,1.22249969100425,2021,2.42857142857143
1339,6113,13396113,Di Weng,Yingcai Wu,0,21,0.428571428571429,2016,2019.95238095238,1.59612626305661,2021,1.9047619047619
1387,2548,13872548,Dominik Moritz,Jeffrey Heer,0,15,0.6,2015,2018.26666666667,2.49189161271589,2021,4.6
1405,2548,14052548,Donghao Ren,Jeffrey Heer,0,14,0.928571428571429,2014,2017.35714285714,1.98483259736443,2019,5
1529,3777,15293777,Elke A. Rundensteiner,Matthew O. Ward,0,27,0.37037037037037,1999,2003.51851851852,3.5881253984001,2011,5.92592592592593
1551,116,15510116,Emily Wall,Alex Endert,0,27,0.740740740740741,2016,2018.40740740741,2.04298535819256,2021,2.74074074074074
1631,121,16310121,Eugene Zhang,Alex T. Pang,0,12,0.583333333333333,2011,2016,4.51260859854213,2021,11.9166666666667
1640,2830,16402830,Evanthia Dimara,John T. Stasko,0,12,0.666666666666667,2017,2019.16666666667,1.52752523165195,2021,12.8333333333333
1640,4502,16404502,Evanthia Dimara,Pierre Dragicevic,0,14,0.785714285714286,2016,2018.35714285714,1.73680267056552,2021,4
1674,5797,16745797,Fangfang Zhou,Wei Chen 0001,0,17,0.941176470588235,2018,2019.58823529412,0.618346942400842,2020,2
1677,2548,16772548,Fanny Chevalier,Jeffrey Heer,0,12,0.333333333333333,2013,2017.33333333333,2.53460892925169,2021,7.58333333333333
1842,4133,18424133,Gennady L. Andrienko,Natalia V. Andrienko,0,12,0.666666666666667,2009,2015.16666666667,3.4333480435107,2018,4.25
1991,5708,19915708,Guillaume Favelier,Valerio Pascucci,0,12,0.416666666666667,2017,2017.25,0.452267016866645,2018,7.08333333333333
2064,5708,20645708,Hamish A. Carr,Valerio Pascucci,0,13,0.384615384615385,2004,2012.76923076923,4.47500179057406,2016,8.61538461538461
2070,793,20700793,Han-Wei Shen,Charles D. Hansen,0,13,1,1998,2003.46153846154,2.81707249390168,2009,4.07692307692308
2070,3242,20703242,Han-Wei Shen,Kwan-Liu Ma,0,13,0.615384615384615,1994,2009.53846153846,6.72824128351762,2019,5.23076923076923
2083,2070,20832070,Hanqi Guo 0001,Han-Wei Shen,0,16,0.3125,2013,2016.5,2.22111083319436,2019,7.75
2099,1886,20991886,Hans-Peter Seidel,Gerik Scheuermann,0,12,0.833333333333333,2003,2006.41666666667,4.14418175569586,2015,5.16666666666667
2106,131,21060131,Hanspeter Pfister,Alexander Lex,0,13,0.923076923076923,2013,2014.69230769231,1.60128153805087,2019,2.69230769230769
2106,2179,21062179,Hanspeter Pfister,Hendrik Strobelt,0,14,0.214285714285714,2015,2018.28571428571,2.33464118239815,2021,2.57142857142857
2106,2548,21062548,Hanspeter Pfister,Jeffrey Heer,0,16,0.9375,2010,2016.4375,3.11916121203548,2020,6.375
2106,2748,21062748,Hanspeter Pfister,Johanna Beyer,0,21,0.619047619047619,2013,2015.66666666667,2.12916258968951,2021,2.66666666666667
2106,3197,21063197,Hanspeter Pfister,Klaus Mueller,0,12,0.916666666666667,2001,2005.33333333333,6.09520427479795,2019,5.91666666666667
2106,3470,21063470,Hanspeter Pfister,M. Eduard Gröller,0,12,0.0833333333333333,2011,2014.83333333333,2.94906251153984,2019,6.33333333333333
2106,3547,21063547,Hanspeter Pfister,Marc Streit,0,14,0.857142857142857,2013,2015.07142857143,1.94003511920178,2019,2.78571428571429
2106,3663,21063663,Hanspeter Pfister,Markus Hadwiger,0,21,0.619047619047619,2013,2015.90476190476,2.04706526287664,2020,3.57142857142857
2130,5643,21305643,Harald Piringer,Torsten Möller,0,16,0.0625,2013,2015.4375,1.50416089564913,2018,3.25
2177,3213,21773213,Helwig Hauser,Kresimir Matkovic,0,12,0.5,2008,2012.91666666667,4.03300775044526,2020,4.25
2177,3470,21773470,Helwig Hauser,M. Eduard Gröller,0,25,0.56,2001,2012.2,4.89897948556636,2019,6.16
2177,3777,21773777,Helwig Hauser,Matthew O. Ward,0,15,0.266666666666667,2002,2009.93333333333,5.66274374015518,2020,10.9333333333333
2179,2106,21792106,Hendrik Strobelt,Hanspeter Pfister,0,16,0.375,2014,2017.125,2.77788888666676,2021,1.8125
2220,1886,22201886,Holger Theisel,Gerik Scheuermann,0,14,0.928571428571429,2003,2006.92857142857,4.21470476590428,2018,5.07142857142857
2220,2085,22202085,Holger Theisel,Hans Hagen,0,17,0.764705882352941,2003,2007.76470588235,4.08548362750216,2016,4.23529411764706
2220,2090,22202090,Holger Theisel,Hans-Christian Hege,0,19,0.473684210526316,2004,2011.36842105263,4.62133369777587,2018,6.47368421052632
2220,2099,22202099,Holger Theisel,Hans-Peter Seidel,0,16,0.625,2004,2010.875,4.45533388198909,2018,5.6875
2220,3136,22203136,Holger Theisel,Kenneth I. Joy,0,12,0.833333333333333,2003,2009.08333333333,2.74551976643381,2013,3.5
2220,3707,22203707,Holger Theisel,Martin Roth,0,14,0.5,2005,2011.57142857143,4.41525825909487,2018,12.9285714285714
2220,4870,22204870,Holger Theisel,Ronald Peikert,0,17,0.529411764705882,2005,2011.64705882353,4.16745090658829,2018,11.5294117647059
2220,5596,22205596,Holger Theisel,Tino Weinkauf,0,24,0.458333333333333,2004,2012.04166666667,4.17528095036642,2018,5.875
2220,5931,22205931,Holger Theisel,Xavier Tricoche,0,16,0.875,2003,2008.9375,4.75350747694093,2018,4
2250,609,22500609,Huamin Qu,Bongshin Lee,0,27,0.555555555555556,2012,2018.74074074074,2.86346471943172,2021,3.85185185185185
2250,1014,22501014,Huamin Qu,Conglei Shi,0,12,0.333333333333333,2012,2015.5,2.50454132981017,2019,3.08333333333333
2250,1085,22501085,Huamin Qu,Daniel A. Keim,0,20,0.55,2009,2015.1,4.24139996748839,2021,5.75
2250,1198,22501198,Huamin Qu,David Gotz,0,18,0.388888888888889,2012,2018.61111111111,2.87256574980071,2021,4.33333333333333
2250,1387,22501387,Huamin Qu,Dominik Moritz,0,12,0.416666666666667,2019,2020.33333333333,0.887625364598595,2021,3.83333333333333
2250,1711,22501711,Huamin Qu,Fernanda B. Viégas,0,14,0.642857142857143,2010,2014.14285714286,4.70445194808791,2021,1.78571428571429
2250,1842,22501842,Huamin Qu,Gennady L. Andrienko,0,18,0.333333333333333,2011,2015.72222222222,2.67462049106819,2021,4
2250,2106,22502106,Huamin Qu,Hanspeter Pfister,0,19,0.368421052631579,2015,2019.21052631579,1.68585446084705,2021,3.21052631578947
2250,2485,22502485,Huamin Qu,Jarke J. van Wijk,0,16,0.375,2008,2015.9375,3.73217988133834,2020,7.75
2250,2548,22502548,Huamin Qu,Jeffrey Heer,0,28,0.5,2009,2019.35714285714,2.94661495322,2021,6.03571428571429
2250,2830,22502830,Huamin Qu,John T. Stasko,0,12,0.25,2008,2015.66666666667,3.79792606882262,2021,7.83333333333333
2250,3242,22503242,Huamin Qu,Kwan-Liu Ma,0,15,0.533333333333333,2008,2013.33333333333,4.20317340430616,2020,3.6
2250,3716,22503716,Huamin Qu,Martin Wattenberg,0,26,0.538461538461538,2010,2014.07692307692,3.91839841693595,2021,4.23076923076923
2250,4112,22504112,Huamin Qu,Nan Cao,0,20,0.4,2012,2018.85,2.73909320377153,2021,3
2250,4133,22504133,Huamin Qu,Natalia V. Andrienko,0,16,0.3125,2011,2015.1875,2.28673712233537,2020,4.125
2250,4139,22504139,Huamin Qu,Nathalie Henry Riche,0,15,0.466666666666667,2011,2017.86666666667,3.41983012666391,2021,5
2250,5125,22505125,Huamin Qu,Sheelagh Carpendale,0,15,0.6,2008,2012.93333333333,3.75055551440939,2020,4.2
2250,5151,22505151,Huamin Qu,Shixia Liu,0,30,0.5,2011,2016,2.86476814973291,2020,3.56666666666667
2250,5817,22505817,Huamin Qu,Weiwei Cui,0,24,0.375,2010,2017.20833333333,3.38769084707597,2021,3.66666666666667
2250,6113,22506113,Huamin Qu,Yingcai Wu,0,29,0.379310344827586,2009,2019.03448275862,2.90913289266615,2021,2.51724137931034
2265,6113,22656113,Hui Zhang,Yingcai Wu,0,18,0.333333333333333,2018,2020.11111111111,0.963381842865745,2021,1.5
2343,3470,23433470,Ivan Viola,M. Eduard Gröller,0,21,0.666666666666667,2004,2014.85714285714,5.32245915236288,2020,5.42857142857143
2390,2037,23902037,Jaegul Choo,Haesun Park,0,14,1,2010,2015.35714285714,2.16997493275642,2018,3
2500,73,25000073,Jason Dykes,Aidan Slingsby,0,23,0.826086956521739,2010,2014.73913043478,2.61494639792704,2019,3.08695652173913
2500,2548,25002548,Jason Dykes,Jeffrey Heer,0,13,1,2009,2013.46153846154,3.28165061656947,2018,3
2500,2716,25002716,Jason Dykes,Jo Wood,0,29,0.862068965517241,2010,2014.62068965517,2.87120921643339,2019,3.17241379310345
2500,4047,25004047,Jason Dykes,Miriah D. Meyer,0,12,0.916666666666667,2013,2017.25,2.41679727964699,2019,3.91666666666667
2500,5445,25005445,Jason Dykes,Tamara Munzner,0,13,0.846153846153846,2013,2016.84615384615,2.54447616895089,2019,5.38461538461539
2524,2548,25242548,Jean-Daniel Fekete,Jeffrey Heer,0,17,0.823529411764706,2007,2013.58823529412,3.65818984487909,2021,4.52941176470588
2540,2106,25402106,Jeff Lichtman,Hanspeter Pfister,0,13,0.615384615384615,2013,2014.15384615385,0.688737231721194,2015,1.69230769230769
2540,2748,25402748,Jeff Lichtman,Johanna Beyer,0,12,0.5,2013,2014.08333333333,0.792961461098759,2015,2
2548,863,25480863,Jeffrey Heer,Chris Stolte,0,19,0.894736842105263,2006,2012.52631578947,4.78850963885461,2020,9.57894736842105
2548,2729,25482729,Jeffrey Heer,Jock D. Mackinlay,0,12,0.916666666666667,2008,2015.41666666667,3.89541299790438,2020,4.91666666666667
2548,2830,25482830,Jeffrey Heer,John T. Stasko,0,12,0.916666666666667,2010,2014.08333333333,2.93747985163948,2020,7.41666666666667
2548,3516,25483516,Jeffrey Heer,Maneesh Agrawala,0,12,0.666666666666667,2007,2011.33333333333,2.70801280154532,2017,4
2548,3853,25483853,Jeffrey Heer,Michael Bostock,0,17,0.882352941176471,2010,2015.05882352941,3.32548094708296,2020,5.17647058823529
2548,4318,25484318,Jeffrey Heer,Pat Hanrahan,0,18,0.944444444444444,2006,2013.22222222222,4.59610519968113,2020,10
2592,2548,25922548,Jessica Hullman,Jeffrey Heer,0,18,0.611111111111111,2011,2017,3.56453115471603,2021,6.33333333333333
2592,3774,25923774,Jessica Hullman,Matthew Kay 0001,0,14,0.642857142857143,2018,2019.78571428571,1.1217137594956,2021,1.71428571428571
2602,2830,26022830,Ji Soo Yi,John T. Stasko,0,12,0.666666666666667,2007,2011.33333333333,2.53460892925169,2015,4.25
2618,793,26180793,Jian Huang 0007,Charles D. Hansen,0,15,1,2003,2005.33333333333,2.05866345916355,2010,5.4
2618,2070,26182070,Jian Huang 0007,Han-Wei Shen,0,12,0.75,2004,2007.25,4.04800736614493,2014,5.66666666666667
2653,2967,26532967,Jiazhi Xia,Jun Zhu 0001,0,13,0.769230769230769,2018,2019.38461538462,0.960768922830523,2021,2.76923076923077
2653,3831,26533831,Jiazhi Xia,Mengchen Liu,0,13,0.769230769230769,2018,2019.38461538462,0.960768922830523,2021,2.53846153846154
2653,5151,26535151,Jiazhi Xia,Shixia Liu,0,21,0.761904761904762,2018,2019.66666666667,0.912870929175277,2021,2.19047619047619
2653,5797,26535797,Jiazhi Xia,Wei Chen 0001,0,20,0.7,2017,2019.55,0.887041208323017,2021,2.4
2655,1842,26551842,Jie Bao 0003,Gennady L. Andrienko,0,13,0.538461538461538,2016,2019.23076923077,1.58922654950168,2021,7.92307692307692
2655,4133,26554133,Jie Bao 0003,Natalia V. Andrienko,0,13,0.538461538461538,2016,2019.23076923077,1.58922654950168,2021,7.92307692307692
2655,6113,26556113,Jie Bao 0003,Yingcai Wu,0,16,0.5,2016,2019.8125,1.6820126832657,2021,1.9375
2658,5151,26585151,Jie Liang 0004,Shixia Liu,0,15,0.533333333333333,2015,2016.6,0.9102589898328,2019,3.26666666666667
2696,3777,26963777,Jing Yang 0001,Matthew O. Ward,0,14,0.357142857142857,2002,2004.92857142857,2.16490489093937,2008,5.78571428571429
2710,793,27100793,Jinzhu Gao,Charles D. Hansen,0,12,1,2003,2004.5,1.16774841624228,2006,5.25
2716,73,27160073,Jo Wood,Aidan Slingsby,0,14,0.785714285714286,2010,2013.92857142857,2.4326081512612,2018,2.35714285714286
2716,2500,27162500,Jo Wood,Jason Dykes,0,28,0.857142857142857,2010,2014.35714285714,2.88308329955437,2019,3.17857142857143
2748,2106,27482106,Johanna Beyer,Hanspeter Pfister,0,25,0.56,2013,2016.24,2.5377155080899,2021,2.6
2748,3663,27483663,Johanna Beyer,Markus Hadwiger,0,21,0.666666666666667,2007,2015.38095238095,2.7654328861173,2020,3.57142857142857
2787,859,27870859,John E. Wenskovitch,Chris North 0001,0,19,0.947368421052632,2017,2018.57894736842,1.1697953037312,2020,5.84210526315789
2787,3315,27873315,John E. Wenskovitch,Leanna House,0,12,1,2017,2018.58333333333,1.31137217055151,2020,4.75
2830,2548,28302548,John T. Stasko,Jeffrey Heer,0,26,0.923076923076923,2007,2016.15384615385,4.35148073825274,2021,4.61538461538461
2830,6289,28306289,John T. Stasko,Zhicheng Liu,0,13,0.615384615384615,2008,2011.84615384615,3.95487365677156,2021,3.07692307692308
2853,5151,28535151,Jonathan J. H. Zhu,Shixia Liu,0,12,0.333333333333333,2013,2013.58333333333,0.514928650544437,2014,1.66666666666667
2905,433,29050433,Joshua A. Levine,Attila Gyulassy,0,14,0.357142857142857,2014,2016.71428571429,1.97789987413112,2019,7
2905,4394,29054394,Joshua A. Levine,Peer-Timo Bremer,0,12,0.333333333333333,2014,2016.5,2.02259958738973,2019,7.25
2905,5708,29055708,Joshua A. Levine,Valerio Pascucci,0,21,0.380952380952381,2014,2016.71428571429,1.95301964001536,2019,7.19047619047619
2954,433,29540433,Julien Tierny,Attila Gyulassy,0,32,0.40625,2012,2017.1875,2.69333107100938,2021,6.34375
2954,545,29540545,Julien Tierny,Bernd Hamann,0,13,0.0769230769230769,2012,2016.30769230769,2.68900896814593,2021,8.92307692307692
2954,4394,29544394,Julien Tierny,Peer-Timo Bremer,0,33,0.363636363636364,2009,2017.24242424242,3.01071319447634,2021,7.03030303030303
2954,5708,29545708,Julien Tierny,Valerio Pascucci,0,48,0.395833333333333,2009,2017.10416666667,3.05439748094959,2021,7.47916666666667
2967,5151,29675151,Jun Zhu 0001,Shixia Liu,0,13,0.615384615384615,2016,2017.07692307692,0.862316498502576,2018,2.69230769230769
3017,3470,30173470,Jürgen Waser,M. Eduard Gröller,0,12,0.333333333333333,2010,2011.66666666667,1.30267789455786,2014,3.66666666666667
3031,338,30310338,Kai Lawonn,Anna Vilanova,0,14,0.428571428571429,2014,2016.5,1.9903613896824,2020,5.64285714285714
3031,554,30310554,Kai Lawonn,Bernhard Preim,0,19,0.736842105263158,2014,2016.68421052632,2.10957161472675,2020,3.10526315789474
3183,5568,31835568,Kim Marriott,Tim Dwyer,0,19,1,2006,2015.52631578947,3.71735301663595,2020,3.63157894736842
3197,5643,31975643,Klaus Mueller,Torsten Möller,0,13,0.692307692307692,1998,2007.76923076923,6.46985118522632,2019,3.38461538461538
3213,2177,32132177,Kresimir Matkovic,Helwig Hauser,0,16,0.5625,2002,2011.1875,4.08605351572068,2019,4.3125
3242,2548,32422548,Kwan-Liu Ma,Jeffrey Heer,0,27,0.407407407407407,2008,2018.18518518519,2.9876288132775,2021,6.51851851851852
3242,3853,32423853,Kwan-Liu Ma,Michael Bostock,0,12,0.25,2018,2019.41666666667,0.90033663737852,2021,8.75
3315,859,33150859,Leanna House,Chris North 0001,0,17,0.941176470588235,2013,2016.52941176471,2.0036730976766,2018,4.82352941176471
3327,2548,33272548,Leilani Battle,Jeffrey Heer,0,15,0.733333333333333,2019,2020.13333333333,0.639940473422184,2021,6.53333333333333
3378,2250,33782250,Lingyun Yu,Huamin Qu,0,13,0.153846153846154,2020,2020.84615384615,0.375533808099405,2021,3.30769230769231
3378,5151,33785151,Lingyun Yu,Shixia Liu,0,13,0.461538461538462,2018,2020.07692307692,1.03774904332554,2021,4.30769230769231
3378,6113,33786113,Lingyun Yu,Yingcai Wu,0,16,0.3125,2018,2020.6875,0.79320026895272,2021,2.25
3470,398,34700398,M. Eduard Gröller,Armin Kanitsar,0,19,0.684210526315789,2002,2007.42105263158,4.46362818883777,2015,4.94736842105263
3470,1384,34701384,M. Eduard Gröller,Dominik Fleischmann,0,19,0.684210526315789,2002,2007.47368421053,4.42679243110293,2015,5.31578947368421
3470,2177,34702177,M. Eduard Gröller,Helwig Hauser,0,22,0.409090909090909,2002,2010.72727272727,4.23344752206496,2018,5.59090909090909
3470,2343,34702343,M. Eduard Gröller,Ivan Viola,0,13,0.846153846153846,2005,2012.69230769231,5.52848103588161,2019,2.76923076923077
3470,3242,34703242,M. Eduard Gröller,Kwan-Liu Ma,0,13,0.692307692307692,2005,2010.15384615385,3.10500010322474,2015,5.84615384615385
3470,4453,34704453,M. Eduard Gröller,Petr Felkel,0,14,0.714285714285714,2002,2006.71428571429,4.63147378817472,2015,5.14285714285714
3470,4619,34704619,M. Eduard Gröller,Rainer Wegenkittl,0,18,0.666666666666667,1998,2006.88888888889,5.25680387004352,2015,5.55555555555556
3470,5242,34705242,M. Eduard Gröller,Stefan Bruckner,0,28,0.392857142857143,2006,2013.03571428571,3.61562599320662,2019,3.82142857142857
3470,5643,34705643,M. Eduard Gröller,Torsten Möller,0,16,0.25,2007,2013.5,3.07679486912382,2018,3.1875
3547,131,35470131,Marc Streit,Alexander Lex,0,12,0.916666666666667,2011,2014.25,2.17944947177034,2018,2.75
3558,2106,35582106,Marco Agus,Hanspeter Pfister,0,14,0.785714285714286,2011,2018.64285714286,2.49945048905809,2020,6.57142857142857
3558,2748,35582748,Marco Agus,Johanna Beyer,0,12,0.833333333333333,2017,2019.16666666667,1.26730446462585,2020,5.66666666666667
3558,3663,35583663,Marco Agus,Markus Hadwiger,0,15,0.666666666666667,2017,2019.06666666667,1.38701460836198,2021,6.66666666666667
3663,2106,36632106,Markus Hadwiger,Hanspeter Pfister,0,22,0.681818181818182,2013,2015.5,1.99403873487715,2021,2.45454545454545
3663,2748,36632748,Markus Hadwiger,Johanna Beyer,0,20,0.6,2013,2015.6,2.08755712181538,2021,2.8
3663,4936,36634936,Markus Hadwiger,Rüdiger Westermann,0,12,0.5,2003,2011.58333333333,5.51787728179684,2018,7.91666666666667
3763,2548,37632548,Matthew Brehmer,Jeffrey Heer,0,25,0.76,2013,2018.2,2.5,2021,5.56
3763,2830,37632830,Matthew Brehmer,John T. Stasko,0,13,0.692307692307692,2013,2015.07692307692,3.12147236790425,2021,6
3763,5445,37635445,Matthew Brehmer,Tamara Munzner,0,17,0.764705882352941,2013,2015.64705882353,2.34363970328707,2020,3.94117647058824
3777,1529,37771529,Matthew O. Ward,Elke A. Rundensteiner,0,14,0.5,1999,2004.78571428571,3.82659863885111,2011,2.28571428571429
3828,2548,38282548,Melanie Tory,Jeffrey Heer,0,15,0.266666666666667,2010,2014.93333333333,3.93639912804051,2021,4.13333333333333
3828,2830,38282830,Melanie Tory,John T. Stasko,0,12,0.75,2010,2013.75,3.2508740083525,2019,5
3831,2250,38312250,Mengchen Liu,Huamin Qu,0,17,0.470588235294118,2013,2015.58823529412,2.39944846603891,2020,2.88235294117647
3831,5151,38315151,Mengchen Liu,Shixia Liu,0,32,0.59375,2013,2015.84375,2.06521692994754,2020,2.34375
3831,6113,38316113,Mengchen Liu,Yingcai Wu,0,13,0.538461538461538,2013,2015.07692307692,1.4978617237882,2018,1.92307692307692
3851,1085,38511085,Michael Behrisch 0001,Daniel A. Keim,0,16,0.875,2014,2017.0625,1.52616076042685,2019,6.5
3934,5445,39345445,Michael Sedlmair,Tamara Munzner,0,33,0.606060606060606,2012,2014.69696969697,2.75550413360297,2021,5.33333333333333
3934,5643,39345643,Michael Sedlmair,Torsten Möller,0,13,0.230769230769231,2013,2015.46153846154,1.89804217618158,2020,3.38461538461538
4024,6113,40246113,Mingliang Xu,Yingcai Wu,0,12,0.5,2019,2020.58333333333,0.668557923421522,2021,1.75
4047,2500,40472500,Miriah D. Meyer,Jason Dykes,0,21,0.80952380952381,2012,2017.28571428571,2.96888627506776,2021,3.52380952380952
4047,2548,40472548,Miriah D. Meyer,Jeffrey Heer,0,16,0.75,2010,2017.4375,3.52077169571293,2021,6.125
4047,5445,40475445,Miriah D. Meyer,Tamara Munzner,0,26,0.807692307692308,2010,2016.15384615385,3.75970538944006,2021,6.69230769230769
4112,1198,41121198,Nan Cao,David Gotz,0,12,0.666666666666667,2012,2017.91666666667,2.39158879611378,2021,3.66666666666667
4112,2250,41122250,Nan Cao,Huamin Qu,0,20,0.4,2010,2016.1,3.14391643119148,2021,2.85
4112,2548,41122548,Nan Cao,Jeffrey Heer,0,14,0.285714285714286,2010,2019.28571428571,3.19683909820001,2021,7.71428571428571
4128,2106,41282106,Narayanan Kasthuri,Hanspeter Pfister,0,13,0.615384615384615,2013,2014.15384615385,0.688737231721194,2015,1.69230769230769
4128,2748,41282748,Narayanan Kasthuri,Johanna Beyer,0,12,0.5,2013,2014.08333333333,0.792961461098759,2015,2
4133,1842,41331842,Natalia V. Andrienko,Gennady L. Andrienko,0,12,0.666666666666667,2009,2015.16666666667,3.4333480435107,2018,4.25
4139,2524,41392524,Nathalie Henry Riche,Jean-Daniel Fekete,0,12,0.916666666666667,2006,2011.08333333333,4.79504163093755,2021,3.91666666666667
4139,2548,41392548,Nathalie Henry Riche,Jeffrey Heer,0,18,0.888888888888889,2007,2013.66666666667,3.7573457465109,2021,5.22222222222222
4201,2548,42012548,Niklas Elmqvist,Jeffrey Heer,0,22,0.681818181818182,2008,2017.13636363636,2.74808079429045,2020,6.95454545454545
4201,2830,42012830,Niklas Elmqvist,John T. Stasko,0,24,0.625,2007,2014.875,4.69331161473894,2021,7.20833333333333
4299,1198,42991198,Panpan Xu,David Gotz,0,12,0.5,2013,2017.5,1.83402190925746,2019,3.91666666666667
4394,433,43940433,Peer-Timo Bremer,Attila Gyulassy,0,29,0.551724137931034,2006,2014.06896551724,4.75793348361269,2021,5.72413793103448
4394,545,43940545,Peer-Timo Bremer,Bernd Hamann,0,27,0.555555555555556,2006,2012.66666666667,4.62435026621204,2021,7.33333333333333
4394,4432,43944432,Peer-Timo Bremer,Peter Lindstrom,0,12,0.5,2003,2016.25,5.69090182979496,2020,6.83333333333333
4394,5708,43945708,Peer-Timo Bremer,Valerio Pascucci,0,49,0.591836734693878,2006,2013.95918367347,4.55503011183547,2021,5.61224489795918
4394,5737,43945737,Peer-Timo Bremer,Vijay Natarajan,0,19,0.578947368421053,2006,2012.57894736842,4.48845171862295,2021,6.21052631578947
4432,5708,44325708,Peter Lindstrom,Valerio Pascucci,0,15,0.866666666666667,2002,2011.33333333333,3.95811402901264,2020,4.2
4454,2524,44542524,Petra Isenberg,Jean-Daniel Fekete,0,12,0.666666666666667,2012,2015.16666666667,3.45972498469126,2021,4.41666666666667
4454,2548,44542548,Petra Isenberg,Jeffrey Heer,0,17,0.764705882352941,2009,2016.52941176471,3.59022365352814,2021,6.23529411764706
4502,2524,45022524,Pierre Dragicevic,Jean-Daniel Fekete,0,24,1,2008,2015.75,2.57496306431931,2018,6.375
4609,505,46090505,Rahul C. Basole,Ben Shneiderman,0,13,0.846153846153846,2013,2017,1.82574185835055,2018,7.92307692307692
4614,4454,46144454,Raimund Dachselt,Petra Isenberg,0,12,0.833333333333333,2017,2018.58333333333,1.31137217055151,2020,7.58333333333333
4614,5125,46145125,Raimund Dachselt,Sheelagh Carpendale,0,12,1,2017,2018.33333333333,1.30267789455786,2020,6.33333333333333
4687,2548,46872548,Remco Chang,Jeffrey Heer,0,17,0.529411764705882,2010,2019.11764705882,2.91295281761429,2021,6.41176470588235
4843,3197,48433197,Roger Crawfis,Klaus Mueller,0,12,1,1997,2000.08333333333,2.10878393795327,2004,2.16666666666667
4843,4168,48434168,Roger Crawfis,Nelson L. Max,0,12,1,1993,1997.66666666667,3.02514712890384,2004,4.83333333333333
4887,1255,48871255,Ross Maciejewski,David S. Ebert,0,15,0.933333333333333,2008,2014.6,3.86929303250976,2020,3.33333333333333
4887,2250,48872250,Ross Maciejewski,Huamin Qu,0,14,0.571428571428571,2014,2018.92857142857,2.20014984504677,2021,3.28571428571429
4887,5151,48875151,Ross Maciejewski,Shixia Liu,0,16,0.75,2012,2018.3125,2.82179021190449,2021,2.5625
4936,3136,49363136,Rüdiger Westermann,Kenneth I. Joy,0,12,0.75,2000,2011.25,4.7121699305676,2017,4.5
5003,2500,50032500,Sarah Goodwin,Jason Dykes,0,14,0.785714285714286,2013,2016.07142857143,2.05554730553075,2020,4.57142857142857
5017,859,50170859,Scotland Leman,Chris North 0001,0,12,0.916666666666667,2013,2015.91666666667,2.10878393795327,2018,4.5
5125,2524,51252524,Sheelagh Carpendale,Jean-Daniel Fekete,0,21,1,2009,2015.7619047619,2.18871564861135,2019,5.42857142857143
5125,2548,51252548,Sheelagh Carpendale,Jeffrey Heer,0,18,0.777777777777778,2008,2014.61111111111,4.13221047366816,2021,4.72222222222222
5125,2830,51252830,Sheelagh Carpendale,John T. Stasko,0,12,1,2007,2012.75,3.30633001707606,2017,7
5125,3777,51253777,Sheelagh Carpendale,Matthew O. Ward,0,12,0.5,2005,2009.83333333333,5.98229711631567,2017,11.3333333333333
5125,4502,51254502,Sheelagh Carpendale,Pierre Dragicevic,0,13,0.846153846153846,2009,2016.30769230769,3.06552375581007,2021,3
5151,1014,51511014,Shixia Liu,Conglei Shi,0,17,0.235294117647059,2012,2014.70588235294,2.25734096567048,2021,3.47058823529412
5151,1560,51511560,Shixia Liu,Enxun Wei,0,13,0.461538461538462,2013,2014.53846153846,1.39136531360295,2018,1.53846153846154
5151,1711,51511711,Shixia Liu,Fernanda B. Viégas,0,17,0.647058823529412,2010,2012.70588235294,4.04296775095896,2020,1.76470588235294
5151,1807,51511807,Shixia Liu,Furu Wei,0,14,0.642857142857143,2011,2014.85714285714,2.31573689408736,2020,3.78571428571429
5151,2250,51512250,Shixia Liu,Huamin Qu,0,47,0.361702127659574,2010,2015.63829787234,2.91492062622111,2021,3.08510638297872
5151,2648,51512648,Shixia Liu,Jiaxin Shi,0,14,0.857142857142857,2017,2018.92857142857,1.26881445053645,2021,2.64285714285714
5151,2853,51512853,Shixia Liu,Jonathan J. H. Zhu,0,13,0.769230769230769,2013,2015.07692307692,2.01913919206257,2021,1.61538461538462
5151,2967,51512967,Shixia Liu,Jun Zhu 0001,0,18,0.888888888888889,2017,2019,1.18817705157201,2021,2.44444444444444
5151,3242,51513242,Shixia Liu,Kwan-Liu Ma,0,20,0.4,2010,2015.6,2.68328157299975,2020,5.45
5151,3350,51513350,Shixia Liu,Li Tan,0,20,0.4,2011,2014.55,2.30502882731146,2021,3.9
5151,3716,51513716,Shixia Liu,Martin Wattenberg,0,27,0.555555555555556,2010,2012.33333333333,3.33973743786037,2020,3.03703703703704
5151,3831,51513831,Shixia Liu,Mengchen Liu,0,30,0.7,2013,2017.43333333333,2.40234559708134,2021,2.2
5151,4299,51514299,Shixia Liu,Panpan Xu,0,13,0.615384615384615,2013,2014.69230769231,1.9741924671713,2020,1.30769230769231
5151,5125,51515125,Shixia Liu,Sheelagh Carpendale,0,14,0.357142857142857,2011,2014.78571428571,3.42341645433041,2021,5.21428571428571
5151,5432,51515432,Shixia Liu,Tai-Quan Peng,0,14,0.785714285714286,2013,2015.21428571429,2.00685637938357,2021,1.57142857142857
5151,5797,51515797,Shixia Liu,Wei Chen 0001,0,21,0.761904761904762,2013,2018.19047619048,2.58106659385316,2021,2.14285714285714
5151,5817,51515817,Shixia Liu,Weiwei Cui,0,32,0.21875,2010,2015.5625,2.83909913017629,2021,3.65625
5151,5880,51515880,Shixia Liu,William Ribarsky,0,12,0.666666666666667,2010,2015.91666666667,3.4498572653829,2021,4.08333333333333
5151,5990,51515990,Shixia Liu,Xin Tong 0001,0,13,0.230769230769231,2012,2015.07692307692,2.46514159368647,2021,4.07692307692308
5151,6055,51516055,Shixia Liu,Yangqiu Song,0,14,0.285714285714286,2012,2015.42857142857,2.70936511763537,2021,4
5151,6113,51516113,Shixia Liu,Yingcai Wu,0,31,0.516129032258065,2013,2015.32258064516,2.15076880477956,2021,2.25806451612903
5151,6250,51516250,Shixia Liu,Zekai Gao,0,13,0.230769230769231,2012,2015.07692307692,2.46514159368647,2021,4.07692307692308
5151,6274,51516274,Shixia Liu,Zhen Li 0044,0,12,0.833333333333333,2017,2019.16666666667,1.33711584684304,2021,2.91666666666667
5158,5151,51585151,Shuai Chen 0001,Shixia Liu,0,15,0.533333333333333,2016,2016.86666666667,0.990430401872025,2019,3.53333333333333
5184,2250,51842250,Siming Chen 0001,Huamin Qu,0,13,0.307692307692308,2015,2017.53846153846,1.98390963400489,2020,5.15384615384615
5184,4112,51844112,Siming Chen 0001,Nan Cao,0,14,0.571428571428571,2015,2017.28571428571,1.77281052085584,2020,3.71428571428571
5184,5151,51845151,Siming Chen 0001,Shixia Liu,0,22,0.5,2015,2017.63636363636,1.73330003298015,2020,4.45454545454545
5242,3470,52423470,Stefan Bruckner,M. Eduard Gröller,0,33,0.363636363636364,2005,2013.0303030303,3.8445159682726,2019,6.84848484848485
5267,5151,52675151,Steffen Koch 0001,Shixia Liu,0,14,0.214285714285714,2013,2018.07142857143,3.29251565534005,2021,4.92857142857143
5267,5502,52675502,Steffen Koch 0001,Thomas Ertl,0,13,0.769230769230769,2010,2015.76923076923,3.39494344954979,2021,3.46153846153846
5334,4201,53344201,Steven Franconeri,Niklas Elmqvist,0,12,0.583333333333333,2014,2019.58333333333,2.02072594216369,2021,3.25
5432,2250,54322250,Tai-Quan Peng,Huamin Qu,0,13,0.153846153846154,2013,2015.84615384615,3.13172353628035,2021,2.38461538461538
5432,5151,54325151,Tai-Quan Peng,Shixia Liu,0,20,0.45,2013,2014.55,1.27630222456166,2016,2.2
5432,6113,54326113,Tai-Quan Peng,Yingcai Wu,0,15,0.4,2013,2017.73333333333,3.28343606317412,2021,1.53333333333333
5445,2548,54452548,Tamara Munzner,Jeffrey Heer,0,16,0.4375,2010,2015.3125,4.15882595612432,2021,5.125
5445,2830,54452830,Tamara Munzner,John T. Stasko,0,20,0.85,2007,2013.05,3.30031896385151,2020,5.35
5445,3828,54453828,Tamara Munzner,Melanie Tory,0,12,0.666666666666667,2007,2014.25,4.04800736614493,2021,4.25
5445,3934,54453934,Tamara Munzner,Michael Sedlmair,0,13,0.615384615384615,2012,2015.30769230769,2.98285700251217,2021,2.69230769230769
5445,4047,54454047,Tamara Munzner,Miriah D. Meyer,0,16,0.8125,2010,2015.25,3.19374388453426,2021,2.0625
5446,2250,54462250,Tan Tang,Huamin Qu,0,14,0.142857142857143,2020,2020.92857142857,0.267261241912424,2021,4.14285714285714
5446,5151,54465151,Tan Tang,Shixia Liu,0,15,0.133333333333333,2018,2020.46666666667,1.06009882737862,2021,6.2
5446,6113,54466113,Tan Tang,Yingcai Wu,0,18,0.277777777777778,2018,2020.72222222222,0.751903901522118,2021,2.77777777777778
5502,1135,55021135,Thomas Ertl,Daniel Weiskopf,0,13,0.692307692307692,2004,2011.69230769231,4.95621857509357,2016,2.38461538461538
5502,2070,55022070,Thomas Ertl,Han-Wei Shen,0,12,0.75,1997,2003.16666666667,6.88652615069764,2016,4.66666666666667
5502,5151,55025151,Thomas Ertl,Shixia Liu,0,14,0.214285714285714,2013,2018.07142857143,3.29251565534005,2021,4.92857142857143
5502,5880,55025880,Thomas Ertl,William Ribarsky,0,12,0.75,2009,2015.41666666667,3.80091695475838,2021,3.91666666666667
5568,2548,55682548,Tim Dwyer,Jeffrey Heer,0,13,0.692307692307692,2008,2017.61538461538,4.11376675603721,2020,6.76923076923077
5568,3183,55683183,Tim Dwyer,Kim Marriott,0,22,0.863636363636364,2008,2016.18181818182,3.48652321888786,2020,3.31818181818182
5596,1886,55961886,Tino Weinkauf,Gerik Scheuermann,0,12,0.833333333333333,2003,2006.58333333333,4.25245027405769,2015,5.16666666666667
5596,2085,55962085,Tino Weinkauf,Hans Hagen,0,12,0.833333333333333,2003,2006.58333333333,4.25245027405769,2015,4.83333333333333
5600,2090,56002090,Tobias Günther,Hans-Christian Hege,0,12,0,2014,2017,2.17422922601844,2019,10.9166666666667
5600,2220,56002220,Tobias Günther,Holger Theisel,0,23,0.391304347826087,2014,2017,1.97714210644832,2019,7.17391304347826
5600,4870,56004870,Tobias Günther,Ronald Peikert,0,12,0,2014,2017.16666666667,2.20879783565357,2020,16.5
5600,5596,56005596,Tobias Günther,Tino Weinkauf,0,14,0,2014,2016.71428571429,2.16363552413956,2019,10.1428571428571
5609,1085,56091085,Tobias Schreck,Daniel A. Keim,0,22,0.727272727272727,2005,2016.5,3.29140294302192,2021,6.31818181818182
5708,433,57080433,Valerio Pascucci,Attila Gyulassy,0,40,0.5,2006,2014.875,4.78345170942597,2021,5.6
5708,545,57080545,Valerio Pascucci,Bernd Hamann,0,32,0.4375,1998,2012.59375,5.45869755823292,2021,7.4375
5708,2064,57082064,Valerio Pascucci,Hamish A. Carr,0,13,0.846153846153846,2005,2009.61538461538,3.52463855211806,2016,4
5708,4394,57084394,Valerio Pascucci,Peer-Timo Bremer,0,47,0.51063829787234,2006,2014.8085106383,4.66549917117008,2021,5.31914893617021
5708,4432,57084432,Valerio Pascucci,Peter Lindstrom,0,15,0.533333333333333,2002,2014.06666666667,7.11604491540738,2020,5.66666666666667
5708,5737,57085737,Valerio Pascucci,Vijay Natarajan,0,23,0.478260869565217,2006,2012.95652173913,4.84747601493963,2021,6.65217391304348
5797,1085,57971085,Wei Chen 0001,Daniel A. Keim,0,21,0.666666666666667,2012,2016.80952380952,2.9089353313377,2021,7.61904761904762
5797,2250,57972250,Wei Chen 0001,Huamin Qu,0,33,0.636363636363636,2009,2018.06060606061,3.11186634051209,2021,4.48484848484848
5797,2548,57972548,Wei Chen 0001,Jeffrey Heer,0,12,0.416666666666667,2016,2018.33333333333,1.55699788832305,2021,6
5797,2653,57972653,Wei Chen 0001,Jiazhi Xia,0,15,0.733333333333333,2018,2019.53333333333,0.743223352957207,2021,1.6
5797,3242,57973242,Wei Chen 0001,Kwan-Liu Ma,0,25,0.84,2009,2016.56,4.14407207144535,2020,4.08
5797,3831,57973831,Wei Chen 0001,Mengchen Liu,0,15,0.533333333333333,2018,2019.2,1.08232553856433,2021,3.26666666666667
5797,4260,57974260,Wei Chen 0001,Oliver Deussen,0,12,0.583333333333333,2014,2019.16666666667,1.74945879077104,2020,3.33333333333333
5797,5151,57975151,Wei Chen 0001,Shixia Liu,0,31,0.387096774193548,2012,2018.90322580645,2.37142486998397,2021,4
5797,5817,57975817,Wei Chen 0001,Weiwei Cui,0,14,0.428571428571429,2012,2018.57142857143,2.5933134645227,2021,5.71428571428571
5797,5971,57975971,Wei Chen 0001,Xiaoru Yuan,0,15,0.6,2014,2017.33333333333,2.55417492036264,2021,3.6
5797,6111,57976111,Wei Chen 0001,Ying Zhao 0001,0,14,0.571428571428571,2019,2019.64285714286,0.744946343668492,2021,1.28571428571429
5797,6113,57976113,Wei Chen 0001,Yingcai Wu,0,27,0.481481481481481,2009,2019.25925925926,2.876865182165,2021,2.40740740740741
5806,2250,58062250,Wei Zeng 0004,Huamin Qu,0,12,0.583333333333333,2014,2018.75,2.00567377026456,2020,4.58333333333333
5817,609,58170609,Weiwei Cui,Bongshin Lee,0,14,0.857142857142857,2012,2018.35714285714,2.0978796202592,2021,3.42857142857143
5817,2250,58172250,Weiwei Cui,Huamin Qu,0,14,0.642857142857143,2012,2017.28571428571,2.78536205155483,2021,3.14285714285714
5817,5151,58175151,Weiwei Cui,Shixia Liu,0,14,0.5,2011,2015.14285714286,2.59754744850845,2018,2.5
5838,4687,58384687,Wenwen Dou,Remco Chang,0,12,0.916666666666667,2008,2012.91666666667,4.20947704230549,2020,3.33333333333333
5838,5880,58385880,Wenwen Dou,William Ribarsky,0,17,0.941176470588235,2008,2012.94117647059,3.13190413796651,2017,2.64705882352941
5945,2250,59452250,Xiao Xie,Huamin Qu,0,14,0.285714285714286,2018,2020.5,0.94053994312596,2021,3.64285714285714
5945,2265,59452265,Xiao Xie,Hui Zhang,0,14,0.357142857142857,2018,2020.21428571429,0.974961255922229,2021,1.64285714285714
5945,2608,59452608,Xiao Xie,Jiachen Wang,0,13,0.307692307692308,2018,2020.15384615385,0.987096233585649,2021,1.76923076923077
5945,6113,59456113,Xiao Xie,Yingcai Wu,0,36,0.333333333333333,2018,2020.47222222222,0.810153816475123,2021,1.63888888888889
5971,1842,59711842,Xiaoru Yuan,Gennady L. Andrienko,0,15,0.733333333333333,2013,2014.06666666667,1.09978352848359,2017,3.93333333333333
5971,2070,59712070,Xiaoru Yuan,Han-Wei Shen,0,12,0.333333333333333,2013,2016.33333333333,2.80691786106895,2020,7.08333333333333
5971,2250,59712250,Xiaoru Yuan,Huamin Qu,0,23,0.391304347826087,2010,2015.95652173913,2.73825194520428,2020,4.21739130434783
5971,4112,59714112,Xiaoru Yuan,Nan Cao,0,15,0.533333333333333,2014,2017.06666666667,1.90737915425729,2020,3.6
5971,4133,59714133,Xiaoru Yuan,Natalia V. Andrienko,0,15,0.733333333333333,2013,2014.06666666667,1.09978352848359,2017,3.93333333333333
5971,5151,59715151,Xiaoru Yuan,Shixia Liu,0,25,0.48,2014,2017.4,1.93649167310371,2020,4.32
5971,6171,59716171,Xiaoru Yuan,Yu-Ru Lin,0,12,0.416666666666667,2014,2016.66666666667,1.82574185835055,2020,3.91666666666667
6020,5151,60205151,Xiting Wang,Shixia Liu,0,15,0.533333333333333,2014,2015.26666666667,1.09978352848359,2017,2.46666666666667
6039,5151,60395151,Yafeng Lu,Shixia Liu,0,12,0.833333333333333,2014,2017.58333333333,2.15146180044822,2020,2.58333333333333
6048,5151,60485151,Yang Chen,Shixia Liu,0,17,0.647058823529412,2016,2018.05882352941,2.10566462890266,2021,2.47058823529412
6111,2653,61112653,Ying Zhao 0001,Jiazhi Xia,0,17,0.764705882352941,2018,2019.52941176471,0.624264272846798,2020,1.88235294117647
6111,5797,61115797,Ying Zhao 0001,Wei Chen 0001,0,34,0.794117647058823,2018,2019.5,0.615457454896664,2020,2.23529411764706
6113,998,61130998,Yingcai Wu,Cláudio T. Silva,0,14,0.428571428571429,2008,2017.42857142857,4.43264612261701,2021,4.21428571428571
6113,1014,61131014,Yingcai Wu,Conglei Shi,0,15,0.333333333333333,2013,2015.73333333333,3.0347197250362,2021,3.66666666666667
6113,1085,61131085,Yingcai Wu,Daniel A. Keim,0,15,0.333333333333333,2010,2018.86666666667,3.15926453165169,2021,4.93333333333333
6113,1198,61131198,Yingcai Wu,David Gotz,0,15,0.266666666666667,2013,2019.26666666667,3.10452818284763,2021,2.86666666666667
6113,1287,61131287,Yingcai Wu,Dazhen Deng,0,18,0.5,2019,2020.33333333333,0.685994340570035,2021,1.05555555555556
6113,1339,61131339,Yingcai Wu,Di Weng,0,17,0.411764705882353,2018,2020.05882352941,0.966345450349804,2021,2.64705882352941
6113,1414,61131414,Yingcai Wu,Dongyu Liu,0,13,0.461538461538462,2018,2019.84615384615,1.2810252304407,2021,2.84615384615385
6113,1842,61131842,Yingcai Wu,Gennady L. Andrienko,0,22,0.454545454545455,2016,2019.45454545455,1.50324324702966,2021,6.5
6113,2235,61132235,Yingcai Wu,Hongye Liang,0,15,0.4,2019,2020.4,0.736788397613007,2021,1.06666666666667
6113,2250,61132250,Yingcai Wu,Huamin Qu,0,58,0.344827586206897,2009,2017.86206896552,3.41024398912098,2021,3.39655172413793
6113,2265,61132265,Yingcai Wu,Hui Zhang,0,30,0.433333333333333,2018,2020.33333333333,0.802295557085754,2021,1.56666666666667
6113,2548,61132548,Yingcai Wu,Jeffrey Heer,0,14,0.357142857142857,2009,2018.57142857143,4.08965459730706,2021,7.14285714285714
6113,2608,61132608,Yingcai Wu,Jiachen Wang,0,27,0.37037037037037,2018,2020.25925925926,0.812999791493614,2021,1.74074074074074
6113,2655,61132655,Yingcai Wu,Jie Bao 0003,0,14,0.5,2018,2020.14285714286,0.949262293098647,2021,2.85714285714286
6113,2696,61132696,Yingcai Wu,Jing Yang 0001,0,15,0.266666666666667,2010,2018.33333333333,2.76887462097269,2021,4.8
6113,3115,61133115,Yingcai Wu,Kejian Zhao,0,12,0.333333333333333,2018,2020.08333333333,0.90033663737852,2021,2.58333333333333
6113,3242,61133242,Yingcai Wu,Kwan-Liu Ma,0,17,0.588235294117647,2008,2015.17647058824,4.72010717724777,2021,3.94117647058824
6113,3831,61133831,Yingcai Wu,Mengchen Liu,0,17,0.352941176470588,2013,2018.29411764706,2.82322302259211,2021,3.52941176470588
6113,4112,61134112,Yingcai Wu,Nan Cao,0,22,0.181818181818182,2013,2019.81818181818,2.53802254551815,2021,3.40909090909091
6113,4133,61134133,Yingcai Wu,Natalia V. Andrienko,0,18,0.444444444444444,2016,2019.38888888889,1.57699971609863,2021,7.33333333333333
6113,4299,61134299,Yingcai Wu,Panpan Xu,0,19,0.421052631578947,2013,2017.52631578947,3.2891812735531,2021,2.05263157894737
6113,4689,61134689,Yingcai Wu,Ren Liu,0,17,0.411764705882353,2018,2020.17647058824,1.07443555632987,2021,2
6113,5151,61135151,Yingcai Wu,Shixia Liu,0,53,0.320754716981132,2012,2016.69811320755,3.29092520110155,2021,3.50943396226415
6113,5154,61135154,Yingcai Wu,Shoubin Cheng,0,15,0.4,2019,2020.4,0.736788397613007,2021,1.06666666666667
6113,5627,61135627,Yingcai Wu,Tom Polk,0,12,0.333333333333333,2017,2019.75,1.21543108701099,2021,3.66666666666667
6113,5797,61135797,Yingcai Wu,Wei Chen 0001,0,32,0.40625,2013,2019.125,2.40630891214016,2021,2.0625
6113,5817,61135817,Yingcai Wu,Weiwei Cui,0,29,0.310344827586207,2012,2017.24137931034,3.41901377189589,2021,3.06896551724138
6113,5945,61135945,Yingcai Wu,Xiao Xie,0,24,0.5,2019,2020.5,0.659380473395787,2021,0.916666666666667
6113,6079,61136079,Yingcai Wu,Ye Zhao 0003,0,12,0.333333333333333,2016,2019.08333333333,1.67648622440092,2021,4.08333333333333
6113,6167,61136167,Yingcai Wu,Yu Zheng 0004,0,14,0.5,2018,2020.14285714286,0.949262293098647,2021,2.85714285714286
6113,6321,61136321,Yingcai Wu,Zhutian Chen,0,14,0.214285714285714,2020,2020.85714285714,0.363136519601281,2021,0.857142857142857
6135,2250,61352250,Yong Wang 0021,Huamin Qu,0,14,0.357142857142857,2017,2020.07142857143,1.14113881811014,2021,3.78571428571429
6167,1842,61671842,Yu Zheng 0004,Gennady L. Andrienko,0,13,0.538461538461538,2016,2019.23076923077,1.58922654950168,2021,7.92307692307692
6167,4133,61674133,Yu Zheng 0004,Natalia V. Andrienko,0,13,0.538461538461538,2016,2019.23076923077,1.58922654950168,2021,7.92307692307692
6167,6113,61676113,Yu Zheng 0004,Yingcai Wu,0,16,0.5,2016,2019.8125,1.6820126832657,2021,1.9375
6210,2548,62102548,Yun Wang 0012,Jeffrey Heer,0,15,0.666666666666667,2019,2019.73333333333,0.961150104723255,2021,3.93333333333333
6213,3934,62133934,Yunhai Wang,Michael Sedlmair,0,12,0.666666666666667,2018,2019.33333333333,1.07308673997732,2021,3.5
6289,2830,62892830,Zhicheng Liu,John T. Stasko,0,14,0.714285714285714,2008,2011,2.96128870075695,2018,4.14285714285714
6296,5797,62965797,Zhiguang Zhou,Wei Chen 0001,0,14,0.785714285714286,2018,2019.85714285714,0.534522483824849,2020,2.42857142857143
6326,1842,63261842,Zikun Deng,Gennady L. Andrienko,0,12,0.583333333333333,2018,2019.66666666667,0.887625364598595,2021,8.25
6326,4133,63264133,Zikun Deng,Natalia V. Andrienko,0,12,0.583333333333333,2018,2019.66666666667,0.887625364598595,2021,8.25
6326,5797,63265797,Zikun Deng,Wei Chen 0001,0,12,0.583333333333333,2018,2019.33333333333,1.15470053837925,2021,2.33333333333333
6326,6113,63266113,Zikun Deng,Yingcai Wu,0,15,0.466666666666667,2018,2020.2,1.01418510567422,2021,1.66666666666667
6337,1842,63371842,Zuchao Wang,Gennady L. Andrienko,0,13,0.692307692307692,2013,2013.84615384615,0.800640769025436,2015,3.38461538461538
6337,4133,63374133,Zuchao Wang,Natalia V. Andrienko,0,13,0.692307692307692,2013,2013.84615384615,0.800640769025436,2015,3.38461538461538
